filename,doc_type,year,date,mpsi_hybrid,mpsi_keywords,mpsi_finbert,stance,hawkish_kw_count,dovish_kw_count,neutral_kw_count,word_count
fomc_min_20200128.txt,FOMC Minutes,2020,2020-01-28,-44.58,-52.63,-25.81,Dovish,1,11,7,8540
fomc_st_20200129.txt,FOMC Statements,2020,2020-01-29,-13.58,-20.0,1.41,Dovish,0,1,4,273
fomc_st_20200303.txt,FOMC Statements,2020,2020-03-03,-22.88,-20.0,-29.6,Dovish,0,1,4,86
fomc_min_20200315.txt,FOMC Minutes,2020,2020-03-15,-32.32,-26.09,-46.87,Dovish,5,11,7,9433
fomc_st_20200315.txt,FOMC Statements,2020,2020-03-15,-28.2,-42.86,6.01,Dovish,0,3,4,661
fomc_st_20200323.txt,FOMC Statements,2020,2020-03-23,-33.21,-50.0,5.98,Dovish,0,3,3,553
fomc_min_20200428.txt,FOMC Minutes,2020,2020-04-28,-40.14,-30.0,-63.81,Dovish,3,9,8,8008
fomc_st_20200429.txt,FOMC Statements,2020,2020-04-29,-16.48,-16.67,-16.03,Dovish,0,1,5,384
fomc_min_20200609.txt,FOMC Minutes,2020,2020-06-09,-32.89,-39.13,-18.33,Dovish,3,12,8,8735
fomc_st_20200610.txt,FOMC Statements,2020,2020-06-10,-4.08,-28.57,53.07,Neutral,0,2,5,387
fomc_min_20200728.txt,FOMC Minutes,2020,2020-07-28,-39.3,-33.33,-53.22,Dovish,4,11,6,8107
fomc_st_20200729.txt,FOMC Statements,2020,2020-07-29,-7.44,-28.57,41.88,Neutral,0,2,5,408
fomc_st_20200827.txt,FOMC Statements,2020,2020-08-27,-10.92,-16.67,2.49,Dovish,0,1,5,567
fomc_st_20200916.txt,FOMC Statements,2020,2020-09-16,-20.34,-40.0,25.52,Dovish,0,4,6,547
fomc_min_20200916.txt,FOMC Minutes,2020,2020-09-16,-28.51,-36.36,-10.18,Dovish,3,11,8,8171
fomc_min_20201104.txt,FOMC Minutes,2020,2020-11-04,-30.7,-27.27,-38.69,Dovish,4,10,8,8649
fomc_st_20201105.txt,FOMC Statements,2020,2020-11-05,-13.25,-40.0,49.17,Dovish,0,4,6,415
fomc_min_20201215.txt,FOMC Minutes,2020,2020-12-15,-25.56,-27.27,-21.57,Dovish,4,10,8,7359
fomc_min_20210126.txt,FOMC Minutes,2021,2021-01-26,-18.02,-25.0,-1.73,Dovish,4,9,7,8227
fomc_st_20210127.txt,FOMC Statements,2021,2021-01-27,-12.12,-45.45,65.65,Dovish,0,5,6,442
fomc_min_20210316.txt,FOMC Minutes,2021,2021-03-16,-25.42,-42.11,13.53,Dovish,2,10,7,7880
fomc_st_20210317.txt,FOMC Statements,2021,2021-03-17,-14.35,-45.45,58.23,Dovish,0,5,6,437
fomc_min_20210427.txt,FOMC Minutes,2021,2021-04-27,-28.53,-35.0,-13.42,Dovish,3,10,7,7915
fomc_st_20210428.txt,FOMC Statements,2021,2021-04-28,-13.4,-50.0,72.01,Dovish,0,5,5,433
fomc_min_20210515.txt,FOMC Minutes,2021,2021-05-15,-26.41,-38.1,0.88,Dovish,3,11,7,8643
fomc_st_20210616.txt,FOMC Statements,2021,2021-06-16,-12.85,-50.0,73.83,Dovish,0,5,5,431
fomc_min_20210727.txt,FOMC Minutes,2021,2021-07-27,-26.56,-28.0,-23.2,Dovish,5,12,8,9618
fomc_st_20210728.txt,FOMC Statements,2021,2021-07-28,-14.17,-50.0,69.42,Dovish,0,5,5,445
fomc_min_20210921.txt,FOMC Minutes,2021,2021-09-21,-13.25,-12.0,-16.16,Dovish,7,10,8,8079
fomc_st_20210922.txt,FOMC Statements,2021,2021-09-22,-19.35,-50.0,52.18,Dovish,0,5,5,463
fomc_min_20211102.txt,FOMC Minutes,2021,2021-11-02,-22.3,-18.18,-31.92,Dovish,5,9,8,7606
fomc_st_20211103.txt,FOMC Statements,2021,2021-11-03,-26.37,-54.55,39.37,Dovish,0,6,5,571
fomc_min_20211214.txt,FOMC Minutes,2021,2021-12-14,-1.72,0.0,-5.73,Neutral,9,9,9,8596
fomc_st_20211215.txt,FOMC Statements,2021,2021-12-15,-35.93,-54.55,7.53,Dovish,0,6,5,478
fomc_st_20211216.txt,FOMC Statements,2021,2021-12-16,-15.45,-45.45,54.56,Dovish,0,5,6,440
fomc_min_20220125.txt,FOMC Minutes,2022,2022-01-25,-9.41,3.85,-40.34,Neutral,10,9,7,8472
fomc_st_20220126.txt,FOMC Statements,2022,2022-01-26,-17.73,-36.36,25.76,Dovish,1,5,5,385
fomc_min_20220315.txt,FOMC Minutes,2022,2022-03-15,-8.09,4.0,-36.31,Neutral,9,8,8,7660
fomc_st_20220316.txt,FOMC Statements,2022,2022-03-16,-21.09,-28.57,-3.64,Dovish,0,2,5,274
fomc_min_20220503.txt,FOMC Minutes,2022,2022-05-03,3.8,10.71,-12.34,Neutral,12,9,7,7099
fomc_st_20220504.txt,FOMC Statements,2022,2022-05-04,-5.24,0.0,-17.48,Neutral,2,2,5,321
fomc_min_20220614.txt,FOMC Minutes,2022,2022-06-14,-0.63,14.29,-35.46,Neutral,12,8,8,7129
fomc_st_20220615.txt,FOMC Statements,2022,2022-06-15,-1.83,0.0,-6.09,Neutral,2,2,5,287
fomc_min_20220726.txt,FOMC Minutes,2022,2022-07-26,-7.99,9.68,-49.23,Neutral,12,9,10,7690
fomc_st_20220727.txt,FOMC Statements,2022,2022-07-27,0.63,0.0,2.09,Neutral,2,2,5,268
fomc_min_20220920.txt,FOMC Minutes,2022,2022-09-20,10.03,22.22,-18.4,Hawkish,13,7,7,6759
fomc_st_20220921.txt,FOMC Statements,2022,2022-09-21,0.73,0.0,2.43,Neutral,2,2,5,269
fomc_min_20221101.txt,FOMC Minutes,2022,2022-11-01,13.32,26.09,-16.48,Hawkish,11,5,7,6980
fomc_st_20221102.txt,FOMC Statements,2022,2022-11-02,21.6,30.77,0.2,Hawkish,6,2,5,330
fomc_min_20221214.txt,FOMC Minutes,2022,2022-12-14,17.01,40.91,-38.74,Hawkish,12,3,7,6718
fomc_st_20221214.txt,FOMC Statements,2022,2022-12-14,21.55,30.77,0.05,Hawkish,6,2,5,330
fomc_min_20230131.txt,FOMC Minutes,2023,2023-01-31,16.11,36.36,-31.14,Hawkish,11,3,8,6922
fomc_st_20230201.txt,FOMC Statements,2023,2023-02-01,23.39,30.77,6.16,Hawkish,6,2,5,289
fomc_min_20230321.txt,FOMC Minutes,2023,2023-03-21,8.58,28.0,-36.74,Neutral,12,5,8,6361
fomc_st_20230322.txt,FOMC Statements,2023,2023-03-22,23.44,30.77,6.32,Hawkish,6,2,5,323
fomc_min_20230502.txt,FOMC Minutes,2023,2023-05-02,-0.11,20.83,-48.98,Neutral,10,5,9,7192
fomc_st_20230503.txt,FOMC Statements,2023,2023-05-03,22.12,30.0,3.74,Hawkish,4,1,5,289
fomc_min_20230613.txt,FOMC Minutes,2023,2023-06-13,9.19,16.0,-6.71,Neutral,10,6,9,6199
fomc_st_20230614.txt,FOMC Statements,2023,2023-06-14,22.44,30.0,4.8,Hawkish,4,1,5,299
fomc_min_20230725.txt,FOMC Minutes,2023,2023-07-25,5.79,14.81,-15.25,Neutral,11,7,9,5971
fomc_st_20230726.txt,FOMC Statements,2023,2023-07-26,22.81,30.0,6.03,Hawkish,4,1,5,291
fomc_min_20230919.txt,FOMC Minutes,2023,2023-09-19,5.63,16.0,-18.57,Neutral,10,6,9,5782
fomc_st_20230920.txt,FOMC Statements,2023,2023-09-20,22.36,30.0,4.55,Hawkish,4,1,5,293
fomc_min_20231031.txt,FOMC Minutes,2023,2023-10-31,-0.83,12.0,-30.78,Neutral,9,6,10,6017
fomc_st_20231101.txt,FOMC Statements,2023,2023-11-01,22.56,30.0,5.19,Hawkish,4,1,5,299
fomc_min_20231212.txt,FOMC Minutes,2023,2023-12-12,-5.22,15.38,-53.29,Neutral,10,6,10,6061
fomc_st_20231213.txt,FOMC Statements,2023,2023-12-13,13.48,18.18,2.52,Hawkish,4,2,5,310
fomc_min_20240131.txt,FOMC Minutes,2024,2024-01-31,-5.34,10.71,-42.78,Neutral,10,7,11,6021
fomc_st_20240131.txt,FOMC Statements,2024,2024-01-31,0.41,0.0,1.38,Neutral,2,2,7,287
fomc_min_20240319.txt,FOMC Minutes,2024,2024-03-19,0.39,13.33,-29.81,Neutral,12,8,10,6355
fomc_st_20240320.txt,FOMC Statements,2024,2024-03-20,0.32,0.0,1.07,Neutral,2,2,7,281
fomc_min_20240430.txt,FOMC Minutes,2024,2024-04-30,8.14,14.29,-6.21,Neutral,11,7,10,6282
fomc_st_20240501.txt,FOMC Statements,2024,2024-05-01,0.41,0.0,1.37,Neutral,2,2,7,359
fomc_min_20240611.txt,FOMC Minutes,2024,2024-06-11,-11.19,7.69,-55.25,Dovish,9,7,10,5664
fomc_st_20240612.txt,FOMC Statements,2024,2024-06-12,1.52,0.0,5.06,Neutral,2,2,7,295
fomc_min_20240730.txt,FOMC Minutes,2024,2024-07-30,-19.45,-4.76,-53.73,Dovish,5,6,10,5648
fomc_st_20240731.txt,FOMC Statements,2024,2024-07-31,-13.73,-22.22,6.08,Dovish,0,2,7,301
fomc_min_20240917.txt,FOMC Minutes,2024,2024-09-17,-27.73,-13.64,-60.6,Dovish,5,8,9,5519
fomc_st_20240918.txt,FOMC Statements,2024,2024-09-18,-7.72,-12.5,3.44,Neutral,0,1,7,285
fomc_min_20241106.txt,FOMC Minutes,2024,2024-11-06,-19.6,-19.05,-20.87,Dovish,4,8,9,6165
fomc_st_20241107.txt,FOMC Statements,2024,2024-11-07,-14.86,-22.22,2.33,Dovish,0,2,7,271
fomc_min_20241217.txt,FOMC Minutes,2024,2024-12-17,-20.48,-15.0,-33.26,Dovish,4,7,9,5841
fomc_st_20241218.txt,FOMC Statements,2024,2024-12-18,-15.99,-22.22,-1.46,Dovish,0,2,7,276
fomc_min_20250128.txt,FOMC Minutes,2025,2025-01-28,-13.37,-4.0,-35.24,Dovish,7,8,10,6588
fomc_st_20250129.txt,FOMC Statements,2025,2025-01-29,-8.59,-12.5,0.53,Neutral,0,1,7,259
fomc_min_20250318.txt,FOMC Minutes,2025,2025-03-18,-13.37,4.35,-54.72,Dovish,8,7,8,5497
fomc_st_20250319.txt,FOMC Statements,2025,2025-03-19,-15.2,-22.22,1.18,Dovish,0,2,7,291
fomc_min_20250506.txt,FOMC Minutes,2025,2025-05-06,-12.33,-3.7,-32.45,Dovish,8,9,10,6216
fomc_st_20250507.txt,FOMC Statements,2025,2025-05-07,-14.17,-22.22,4.62,Dovish,0,2,7,266
fomc_min_20250617.txt,FOMC Minutes,2025,2025-06-17,-9.28,-4.76,-19.82,Neutral,6,7,8,5721
fomc_st_20250618.txt,FOMC Statements,2025,2025-06-18,-6.56,-12.5,7.3,Neutral,0,1,7,248
fomc_min_20250729.txt,FOMC Minutes,2025,2025-07-29,-5.06,0.0,-16.86,Neutral,9,9,10,5822
fomc_st_20250730.txt,FOMC Statements,2025,2025-07-30,-7.57,-12.5,3.94,Neutral,0,1,7,248
fomc_st_20250822.txt,FOMC Statements,2025,2025-08-22,3.8,0.0,12.65,Neutral,0,0,1,176
fomc_min_20250822.txt,FOMC Minutes,2025,2025-08-22,-17.85,-28.57,7.17,Dovish,0,2,5,667
fomc_min_20250916.txt,FOMC Minutes,2025,2025-09-16,-18.3,0.0,-60.99,Dovish,7,7,9,5272
fomc_st_20250917.txt,FOMC Statements,2025,2025-09-17,-23.52,-30.0,-8.41,Dovish,0,3,7,264
fomc_min_20251028.txt,FOMC Minutes,2025,2025-10-28,-21.71,-8.7,-52.07,Dovish,6,8,9,6436
fomc_st_20251029.txt,FOMC Statements,2025,2025-10-29,-19.16,-30.0,6.12,Dovish,0,3,7,278
fomc_min_20251209.txt,FOMC Minutes,2025,2025-12-09,-9.14,0.0,-30.46,Neutral,8,8,8,6251
fomc_st_20251210.txt,FOMC Statements,2025,2025-12-10,-26.01,-30.0,-16.71,Dovish,0,3,7,297
fomc_transpt_20260128.txt,FOMC Minutes,2026,2026-01-28,-45.49,-50.0,-34.96,Dovish,0,4,4,1230
FOMCpresconf20260128.txt,FOMC Minutes,2026,2026-01-28,-16.65,-16.67,-16.61,Dovish,4,7,7,7603
fomc_st_20260128.txt,FOMC Statements,2026,2026-01-28,-12.33,-22.22,10.74,Dovish,0,2,7,237
jackson_hole_2021_extra.txt,Fed Chair Speeches,2021,,-22.22,-18.75,-30.3,Dovish,3,6,7,2837
jackson_hole_2024.txt,Fed Chair Speeches,2024,,-14.49,-15.0,-13.3,Dovish,5,8,7,2369
jackson_hole_2025.txt,Fed Chair Speeches,2025,,-12.06,-10.0,-16.88,Dovish,6,8,6,3542
jackson_hole_2021.txt,Fed Chair Speeches,2021,,-19.38,-23.53,-9.69,Dovish,3,7,7,3055
jackson_hole_2022.txt,Fed Chair Speeches,2022,,26.1,40.0,-6.33,Hawkish,5,1,4,1341
jackson_hole_2023.txt,Fed Chair Speeches,2023,,-20.77,0.0,-69.22,Dovish,6,6,5,2120
ec_out_2025_1_Rhode_Island.txt,Economic Outlook,2025,,-5.57,-10.0,4.77,Neutral,3,4,3,1186
ec_out_2022.txt,Economic Outlook,2022,,15.71,35.29,-29.99,Hawkish,9,3,5,2313
rv_ec_out_2024.txt,Economic Outlook,2024,,-14.49,-15.0,-13.3,Dovish,5,8,7,2369
ec_out_2024.txt,Economic Outlook,2024,,4.63,0.0,15.43,Neutral,3,3,4,887
ec_out_2025.txt,Economic Outlook,2025,,-15.13,-25.0,7.9,Dovish,1,3,4,855
ec_out_2026.txt,Economic Outlook,2026,,-7.45,-6.67,-9.28,Neutral,5,6,4,2582
ec_out_2025_3.txt,Economic Outlook,2025,,-14.15,-28.57,19.51,Dovish,0,2,5,952
nabe_2025.txt,Economic Outlook,2025,,-6.44,-11.11,4.47,Neutral,5,7,6,2560
ec_out_2024 copy 3.txt,Economic Outlook,2024,,-9.92,-18.18,9.34,Neutral,2,4,5,977
